place,title,time,pay,date
경기 오산시, 하남F&B 오산궐동점,18:00~22:00,"시급10,000",37분전
경기 안산시, 하남돼지집 안산중앙역점,시간협의,"시급10,000",1시간전
경기 부천시, 하남F&B 부천중동점,18:00~22:00,"시급9,160",1시간전
경기 부천시, 하남F&B 부천중동점,23:00~02:00,"시급10,000",1시간전
경기 부천시, 하남F&B 부천중동점,15:00~02:00,"월급2,600,000",1시간전
경기 부천시, 하남F&B 부천중동점,15:00~02:00,"월급2,600,000",1시간전
경기 부천시, 하남F&B 부천중동점,15:00~02:00,"월급3,000,000",1시간전
인천 남동구, 하남F&B 구월로데오점,18:00~22:00,"시급10,500",1시간전
경기 하남시, 하남F&B 하남스타필드점,16:00~00:30,"월급2,350,000",2시간전
인천 남동구, 하남F&B 구월로데오점,18:00~22:00,"시급10,500",2시간전
서울 서대문, 하남F&B 신촌점,15:30~23:30,"월급2,200,000",2시간전
서울 마포구, 하남F&B 신촌점,15:30~23:30,"월급2,200,000",2시간전
서울 마포구, 하남F&B 신촌점,15:30~23:30,"월급2,200,000",2시간전
서울 마포구, 하남F&B 신촌점,15:30~23:30,"월급2,200,000",2시간전
서울 서대문, 하남F&B 신촌점,15:30~23:30,"월급2,200,000",2시간전
서울 중랑구, 하남F&B 면목점,17:00~22:00,"시급9,200",3시간전
서울 중랑구, 하남F&B 면목점,15:00~24:00,"월급2,300,000",3시간전
서울 전체, 하남돼지집 하남본점,15:00~24:00,"월급2,700,000",3시간전
서울 전체, 하남돼지집 하남본점,15:00~24:00,"월급2,700,000",3시간전
서울 전체, 하남돼지집 하남본점,15:00~24:00,"월급2,700,000",3시간전
경기 하남시, 하남돼지집 하남본점,15:00~24:00,"월급2,700,000",3시간전
경기 하남시, 하남돼지집 하남본점,15:00~24:00,"월급2,700,000",3시간전
경기 하남시, 하남F&B 하남본점,15:00~24:00,"월급2,700,000",3시간전
서울 강남구, 하남F&B 수서역점,18:00~22:00,"시급11,000",3시간전
서울 강남구, 하남F&B 수서역점,18:00~22:00,"시급11,000",3시간전
서울 노원구, 하남F&B 중계은행점,15:30~24:00,"월급2,300,000",5시간전
경기 광주시, 하남F&B 광주경안점,17:00~22:00,"시급11,000",5시간전
경기 광주시, 하남F&B 광주경안점,18:00~22:00,"시급11,000",5시간전
경기 광주시, 하남F&B 광주경안점,18:00~22:00,"시급10,000",5시간전
경기 광주시, 하남F&B 광주경안점,15:30~24:00,"월급2,200,000",5시간전
경기 광주시, 하남F&B 광주경안점,15:30~22:30,"월급2,000,000",5시간전
경기 구리시, 하남돼지집 남양주다산점,18:00~22:00,"시급9,800",5시간전
경기 남양주, 하남돼지집 남양주다산점,18:00~22:00,"시급9,800",5시간전
경기 남양주, 하남돼지집 남양주다산점,16:00~23:00,"월급2,100,000",5시간전
서울 구로구, 하남F&B 서여의도점,17:00~21:00,"시급11,000",5시간전
서울 구로구, 하남F&B 서여의도점,15:00~22:00,"시급10,500",5시간전
서울 영등포, 하남F&B 서여의도점,15:00~22:00,"시급10,500",5시간전
서울 구로구, 하남F&B 서여의도점,15:00~22:30,"월급2,000,000",5시간전
서울 동작구, 하남F&B 서여의도점,15:00~22:30,"월급2,000,000",5시간전
경기 안양시, 하남F&B 안양범계점,17:00~22:00,"시급10,000",6시간전
경기 안양시, 하남F&B 안양평촌점,15:00~01:00,"시급9,500",6시간전
경기 시흥시, 하남돼지집 시흥능곡역점,15:00~24:00,"월급2,000,000",6시간전
경기 시흥시, 하남돼지집 시흥능곡역점,15:00~24:00,"월급2,000,000",6시간전
경기 시흥시, 하남돼지집 시흥능곡역점,15:00~24:00,"월급2,000,000",6시간전
경기 시흥시, 하남돼지집 시흥능곡역점,15:00~24:00,"월급2,000,000",6시간전
경기 시흥시, 하남돼지집 시흥능곡역점,15:00~24:00,"월급2,000,000",6시간전
서울 강남구, 하남F&B 선릉1호점,17:00~05:00,"월급2,700,000",6시간전
경기 안양시, 하남F&B 안양범계점,17:00~22:00,"시급10,000",6시간전
경기 안양시, 하남F&B 안양평촌점,15:00~01:00,"시급9,500",6시간전
서울 강남구, 하남F&B 선릉1호점,10:00~22:00,"월급2,700,000",6시간전
